{
  "project_info": {
    "project_number": "289600138213",
    "project_id": "closecare-23f45",
    "storage_bucket": "closecare-23f45.appspot.com"
  },
  "client": [
    {
      "client_info": {
        "mobilesdk_app_id": "1:289600138213:android:7156f17de78b3274ae1d0c",
        "android_client_info": {
          "package_name": "com.app.healthcare"
        }
      },
      "oauth_client": [],
      "api_key": [
        {
          "current_key": "AIzaSyAdGIW3m5gNeR30iuWCha2ujJmMEdtejnA"
        }
      ],
      "services": {
        "appinvite_service": {
          "other_platform_oauth_client": []
        }
      }
    }
  ],
  "configuration_version": "1"
}